symbol,Risk,close,company_name,website_link
A,0.021880599,58.42,Agilent Technologies Inc.,www.agilent.com
AAL,0.019563358,39.02,American Airlines Group Inc.,www.aa.com
AAP,0.026175852,126.8,"Advance Auto Parts, Inc.",www.advanceautoparts.com
AAPL,0.017880357,75.7771,Apple Inc.,www.apple.com
ABBV,0.01482636,51.46,AbbVie Inc.,www.abbvie.com
ABC,0.011502465,68.94,AmerisourceBergen Corporation,www.amerisourcebergen.com
ABT,0.010944693,39.57,Abbott Laboratories,www.abbott.com
ACN,0.011122474,83.93,Accenture plc,www.accenture.com
ADBE,0.015616884,68.52,Adobe Inc.,www.adobe.com
ADI,0.009341246,51.83,"Analog Devices, Inc.",www.analog.com
ADM,0.012883427,41.33,Archer-Daniels-Midland Company,www.adm.com
ADP,0.012125814,78.56,"Automatic Data Processing, Inc.",www.adp.com
ADS,0.02498958,287.78,Alliance Data Systems Corporation,www.alliancedata.com
ADSK,0.018029519,53.61,"Autodesk, Inc.",www.autodesk.com
AEE,0.013422922,39.89,Ameren Corporation,www.ameren.com
AEP,0.008628171,49.33,"American Electric Power Company, Inc.",www.aep.com
AES,0.014790448,14.05,The AES Corporation,www.aes.com
AET,0.014459852,73.71,Aetna Inc.,www.aetna.com
AFL,0.010766346,65.61,Aflac Incorporated,www.aflac.com
AGN,0.024377181,213.18,Allergan plc,www.allergan.com
AIG,0.01435263,51.25,"American International Group, Inc.",www.aig.com
AIV,0.011458503,30.64,Apartment Investment and Management Company,www.aimco.com
AIZ,0.011975086,67.94,"Assurant, Inc.",www.assurant.com
AJG,0.012324637,47.04,Arthur J. Gallagher & Co.,www.ajg.com
AKAM,0.041025574,61,"Akamai Technologies, Inc.",www.akamai.com
ALB,0.012328873,66.55,Albemarle Corporation,www.albemarle.com
ALGN,0.027390835,55.28,"Align Technology, Inc.",www.aligntech.com
ALK,0.020293204,44.7,"Alaska Air Group, Inc.",www.alaskaair.com
ALL,0.01588799,55.71,The Allstate Corporation,www.allstate.com
ALLE,0.018682556,53.39,Allegion plc,www.allegion.com
ALXN,0.043356957,168.05,"Alexion Pharmaceuticals, Inc.",www.alexion.com
AMAT,0.014302616,19.64,"Applied Materials, Inc.",www.appliedmaterials.com
AMD,0.020842123,3.95,"Advanced Micro Devices, Inc.",www.amd.com
AME,0.012919803,54.15,"AMETEK, Inc.",www.ametek.com
AMG,0.019841731,196.45,"Affiliated Managers Group, Inc.",www.amg.com
AMGN,0.014263255,122.26,Amgen Inc.,www.amgen.com
AMP,0.016372523,112.65,"Ameriprise Financial, Inc.",www.ameriprise.com
AMT,0.014255527,81.31,American Tower Corporation,www.americantower.com
AMZN,0.027658313,372.06,"Amazon.com, Inc.",www.amazon.com
ANDV,0.016385104,53.47,Andeavor,www.andeavor.com
ANSS,0.014260493,83.3,"ANSYS, Inc.",www.ansys.com
ANTM,0.013712258,91.53,"Anthem, Inc.",www.antheminc.com
AON,0.015874232,86.95,Aon plc,www.aon.com
AOS,0.015042518,24.56,A. O. Smith Corporation,www.aosmith.com
APA,0.013882202,80.05,Apache Corporation,www.apachecorp.com
APC,0.013344671,85.26,Anadarko Petroleum Corporation,www.anadarko.com
APD,0.015683317,121.67,"Air Products and Chemicals, Inc.",www.airproducts.com
APH,0.011185482,45.205,Amphenol Corporation,www.amphenol.com
ARE,0.00804577,72.46,"Alexandria Real Estate Equities, Inc.",www.are.com
ARNC,0.020675357,36.48,Arconic Inc.,www.arconic.com
ATVI,0.027472731,20.11,"Activision Blizzard, Inc.",www.activisionblizzard.com
AVB,0.010287007,128.22,"AvalonBay Communities, Inc.",www.avalonbay.com
AVGO,0.017562405,62.75,Broadcom Inc.,www.broadcom.com
AVY,0.0158767,51.56,Avery Dennison Corporation,www.averydennison.com
AWK,0.008659112,44.35,"American Water Works Company, Inc.",www.amwater.com
AXP,0.01323997,93.86,American Express Company,www.americanexpress.com
AYI,0.01359665,143.52,"Acuity Brands, Inc.",www.acuitybrands.com
AZO,0.015550411,541.99,"AutoZone, Inc.",www.autozone.com
BA,0.017461263,128.54,The Boeing Company,www.boeing.com
BAC,0.013933229,17.33,Bank of America Corporation,www.bankofamerica.com
BAX,0.009749527,67.5,Baxter International Inc.,www.baxter.com
BBT,0.011060416,39.18,BB&T Corporation,www.bbt.com
BBY,0.022445782,25.8,"Best Buy Co., Inc.",www.bestbuy.com
BDX,0.011133426,115.57,"Becton, Dickinson and Company",www.bd.com
BEN,0.01566847,53.81,"Franklin Resources, Inc.",www.franklinresources.com
BF.B,0.01183322,44.05,Brown-Forman Corporation,www.brown-forman.com
BIIB,0.022293371,328.75,Biogen Inc.,www.biogen.com
BK,0.013679753,33.51,The Bank of New York Mellon Corporation,www.bnymellon.com
BLK,0.017017662,310.79,"BlackRock, Inc.",www.blackrock.com
BLL,0.012451522,28.045,Ball Corporation,www.ball.com
BMY,0.020686349,55.83,Bristol-Myers Squibb Company,www.bms.com
BRK.B,0.010639284,122.67,Berkshire Hathaway Inc. (Class B),www.berkshirehathaway.com
BSX,0.015406523,13.7,Boston Scientific Corporation,www.bostonscientific.com
BWA,0.015474339,61.31,BorgWarner Inc.,www.borgwarner.com
BXP,0.009952785,110.94,"Boston Properties, Inc.",www.bostonproperties.com
C,0.01513076,49.62,Citigroup Inc.,www.citigroup.com
CA,0.011580393,32.93,"CA, Inc.",www.ca.com
CAG,0.015397203,29.47,"Conagra Brands, Inc.",www.conagrabrands.com
CAH,0.016757676,72.3,"Cardinal Health, Inc.",www.cardinalhealth.com
CAT,0.015560693,97.05,Caterpillar Inc.,www.caterpillar.com
CB,0.009770276,97.77,Chubb Limited,www.chubb.com
CBG,0.013780424,28.09,"CBRE Group, Inc.",www.cbre.com
CBOE,0.019598108,57.28,"Cboe Global Markets, Inc.",www.cboe.com
CBS,0.016961076,67.4,CBS Corporation,www.cbscorporation.com
CCI,0.013206846,74.63,Crown Castle International Corp.,www.crowncastle.com
CCL,0.017622491,39.5,Carnival Corporation & plc,www.carnivalcorp.com
CDNS,0.011145232,15.91,"Cadence Design Systems, Inc.",www.cadence.com
CELG,0.020606118,78.28,Celgene Corporation,www.celgene.com
CERN,0.020617011,60.37,Cerner Corporation,www.cerner.com
CF,0.016373617,52.218,"CF Industries Holdings, Inc.",www.cfindustries.com
CHD,0.012335858,34.21,"Church & Dwight Co., Inc.",www.churchdwight.com
CHK,0.021986706,25.85,Chesapeake Energy Corporation,www.chk.com
CHRW,0.020189581,52.27,"C.H. Robinson Worldwide, Inc.",www.chrobinson.com
CHTR,0.020357173,127,"Charter Communications, Inc.",www.charter.com
CI,0.021365692,79.05,Cigna Corporation,www.cigna.com
CINF,0.012281074,47.84,Cincinnati Financial Corporation,www.cinfin.com
CL,0.009208491,63.13,Colgate-Palmolive Company,www.colgate.com
CLX,0.00882445,86.44,The Clorox Company,www.thecloroxcompany.com
CMA,0.015237769,49.49,Comerica Incorporated,www.comerica.com
CMCSA,0.01519329,25.815,Comcast Corporation,www.comcastcorporation.com
CME,0.013405447,76.97,CME Group Inc.,www.cmegroup.com
CMG,0.025546862,593.41,"Chipotle Mexican Grill, Inc.",www.chipotle.com
CMI,0.017129016,145.62,Cummins Inc.,www.cummins.com
CMS,0.009968497,27.98,CMS Energy Corporation,www.cmsenergy.com
CNC,0.01867249,31.715,Centene Corporation,www.centene.com
CNP,0.010187145,23.19,"CenterPoint Energy, Inc.",www.centerpointenergy.com
COF,0.012128137,75.01,Capital One Financial Corporation,www.capitalone.com
COG,0.022505598,35.11,Cabot Oil & Gas Corporation,www.cabotog.com
COL,0.010381117,82.18,"Rockwell Collins, Inc.",www.rockwellcollins.com
COO,0.018744643,136.48,"The Cooper Companies, Inc.",www.coopercos.com
COP,0.009540059,66.51,ConocoPhillips,www.conocophillips.com
COST,0.011584072,113.5,Costco Wholesale Corporation,www.costco.com
COTY,0.022698565,15.62,Coty Inc.,www.coty.com
CPB,0.013552766,43.91,Campbell Soup Company,www.campbellsoupcompany.com
CRM,0.024898845,60.74,"salesforce.com, inc.",www.salesforce.com
CSCO,0.010669108,21.73,"Cisco Systems, Inc.",www.cisco.com
CSX,0.013557831,28.87,CSX Corporation,www.csx.com
CTAS,0.01439821,61.37,Cintas Corporation,www.cintas.com
CTL,0.012064079,31.32,"CenturyLink, Inc.",www.centurylink.com
CTSH,0.015986927,53.61,Cognizant Technology Solutions Corporation,www.cognizant.com
CTXS,0.022363712,60.99,"Citrix Systems, Inc.",www.citrix.com
CVS,0.010816709,73.48,CVS Health Corporation,www.cvshealth.com
CVX,0.01169623,115.08,Chevron Corporation,www.chevron.com
CXO,0.017573373,121.6,Concho Resources Inc.,www.concho.com
D,0.010620952,68.44,"Dominion Energy, Inc.",www.dominionenergy.com
DAL,0.022322315,35.36,"Delta Air Lines, Inc.",www.delta.com
DE,0.009629305,88.8,Deere & Company,www.deere.com
DFS,0.015042422,59.28,Discover Financial Services,www.discover.com
DG,0.010281943,59.39,Dollar General Corporation,www.dollargeneral.com
DGX,0.010173188,52.58,Quest Diagnostics Incorporated,www.questdiagnostics.com
DHI,0.025211728,23.47,"D.R. Horton, Inc.",www.drhorton.com
DHR,0.011699967,77.43,Danaher Corporation,www.danaher.com
DIS,0.017426212,82.21,The Walt Disney Company,www.thewaltdisneycompany.com
DISCA,0.015914848,85.52,"Discovery, Inc.",www.corporate.discovery.com
DISCK,0.014812294,79.3,"Discovery, Inc. (Class C)",www.corporate.discovery.com
DISH,0.014339239,62.31,DISH Network Corporation,www.dish.com
DLR,0.016257987,52.36,"Digital Realty Trust, Inc.",www.digitalrealty.com
DLTR,0.012873869,54.33,"Dollar Tree, Inc.",www.dollartree.com
DOV,0.034239014,82.27,Dover Corporation,www.dovercorporation.com
DPS,0.010140516,52.29,"Dr Pepper Snapple Group, Inc.",www.drpeppersnapplegroup.com
DRE,0.015368237,16.54,Duke Realty Corporation,www.dukerealty.com
DRI,0.0178587,49.95,"Darden Restaurants, Inc.",www.darden.com
DTE,0.009756943,70.33,DTE Energy Company,www.dteenergy.com
DUK,0.005867258,70.06,Duke Energy Corporation,www.duke-energy.com
DVA,0.011498822,68.78,DaVita Inc.,www.davita.com
DVN,0.01209902,65.13,Devon Energy Corporation,www.devonenergy.com
EA,0.013678228,29.38,Electronic Arts Inc.,www.ea.com
EBAY,0.012881372,59.06,eBay Inc.,www.ebay.com
ECL,0.009965453,109.84,Ecolab Inc.,www.ecolab.com
ED,0.007592233,55.44,"Consolidated Edison, Inc.",www.coned.com
EFX,0.014024218,70.76,Equifax Inc.,www.equifax.com
EIX,0.00816899,51.42,Edison International,www.edison.com
EL,0.014974583,70.02,The Est?e Lauder Companies Inc.,www.elcompanies.com
EMN,0.011701846,87.54,Eastman Chemical Company,www.eastman.com
EMR,0.011178138,65.6,Emerson Electric Co.,www.emerson.com
EOG,0.016008082,94.96,"EOG Resources, Inc.",www.eogresources.com
EQIX,0.012514708,193.44,"Equinix, Inc.",www.equinix.com
EQR,0.007758622,58.25,Equity Residential,www.equityapartments.com
EQT,0.014207239,100.65,EQT Corporation,www.eqt.com
ES,0.008047789,43.75,Eversource Energy,www.eversource.com
ESRX,0.011599358,78.3,Express Scripts Holding Company,www.express-scripts.com
ESS,0.009897692,168.11,"Essex Property Trust, Inc.",www.essex.com
ETFC,0.021917805,23.5,E*TRADE Financial Corporation,www.etrade.com
ETN,0.014952893,76.15,Eaton Corporation,www.eaton.com
ETR,0.009172516,62.56,Entergy Corporation,www.entergy.com
EW,0.013466346,36.035,Edwards Lifesciences Corporation,www.edwards.com
EXC,0.009979788,29.82,Exelon Corporation,www.exeloncorp.com
EXPD,0.016585313,39.82,"Expeditors International of Washington, Inc.",www.expeditors.com
EXPE,0.029071884,75.19,"Expedia Group, Inc.",www.expediagroup.com
EXR,0.011818895,48.23,Extra Space Storage Inc.,www.extraspace.com
F,0.013419023,15.62,Ford Motor Company,www.ford.com
FAST,0.016161274,49.05,Fastenal Company,www.fastenal.com
FB,0.033087064,69.8,"Meta Platforms, Inc.",www.meta.com
FBHS,0.023113799,46.58,"Fortune Brands Home & Security, Inc.",www.fbhs.com
FCX,0.018495248,32.19,Freeport-McMoRan Inc.,www.fcx.com
FDX,0.014905417,137.43,FedEx Corporation,www.fedex.com
FE,0.011694676,30.67,FirstEnergy Corp.,www.firstenergycorp.com
FFIV,0.017441194,114.78,"F5 Networks, Inc.",www.f5.com
FIS,0.017470204,55.47,"Fidelity National Information Services, Inc.",www.fisglobal.com
FISV,0.012497203,58.78,"Fiserv, Inc.",www.fiserv.com
FITB,0.01044783,22.63,Fifth Third Bancorp,www.53.com
FL,0.021853966,46.49,"Foot Locker, Inc.",www.footlocker-inc.com
FLIR,0.020108302,35.18,"FLIR Systems, Inc.",www.flir.com
FLR,0.01547252,79.69,Fluor Corporation,www.fluor.com
FLS,0.01935803,80.81,Flowserve Corporation,www.flowserve.com
FMC,0.013410733,77.87,FMC Corporation,www.fmc.com
FOX,0.012479644,33.14,Fox Corporation,www.foxcorporation.com
FOXA,0.014382734,33.91,Fox Corporation (Class A),www.foxcorporation.com
FRT,0.010135036,110.23,Federal Realty Investment Trust,www.federalrealty.com
FTI,0.014313976,53.27,TechnipFMC plc,www.technipfmc.com
GD,0.014943236,111.49,General Dynamics Corporation,www.gd.com
GE,0.013138766,26.13,General Electric Company,www.ge.com
GGP,0.01148766,22.13,"General Growth Properties, Inc.",www.ggp.com
GILD,0.02055381,79.58,"Gilead Sciences, Inc.",www.gilead.com
GIS,0.010106698,50.8,"General Mills, Inc.",www.generalmills.com
GLW,0.017715038,19.64,Corning Incorporated,www.corning.com
GM,0.016457342,37.69,General Motors Company,www.gm.com
GOOGL,0.015620769,608.0024,Alphabet Inc. (Class A),www.abc.xyz
GPC,0.015476623,87.48,Genuine Parts Company,www.genpt.com
GPN,0.013257575,36.29,Global Payments Inc.,www.globalpaymentsinc.com
GPS,0.016484792,42.38,Gap Inc.,www.gapinc.com
GRMN,0.022867567,53.61,Garmin Ltd.,www.garmin.com
GS,0.01282853,174.26,"The Goldman Sachs Group, Inc.",www.goldmansachs.com
GT,0.026005877,27.66,The Goodyear Tire & Rubber Company,www.goodyear.com
GWW,0.014159628,256.95,"W.W. Grainger, Inc.",www.grainger.com
HAL,0.015933527,56.2,Halliburton Company,www.halliburton.com
HAS,0.015183536,54.77,"Hasbro, Inc.",www.hasbro.com
HBAN,0.014788261,9.8,Huntington Bancshares Incorporated,www.huntington.com
HBI,0.025063598,18.6825,Hanesbrands Inc.,www.hanes.com
HCA,0.01364988,49.63,"HCA Healthcare, Inc.",www.hcahealthcare.com
HCN,0.008907149,58.29,Welltower Inc.,www.welltower.com
HCP,0.012290771,37.68,"HCP, Inc.",www.hcpi.com
HD,0.01148664,82.55,"The Home Depot, Inc.",www.homedepot.com
HES,0.010739691,81.87,Hess Corporation,www.hess.com
HIG,0.015451423,35.97,"The Hartford Financial Services Group, Inc.",www.thehartford.com
HII,0.018058282,104.81,"Huntington Ingalls Industries, Inc.",www.huntingtoningalls.com
HOG,0.014632331,68.11,"Harley-Davidson, Inc.",www.harley-davidson.com
HOLX,0.01545688,22.53,"Hologic, Inc.",www.hologic.com
HON,0.011039485,95.44,Honeywell International Inc.,www.honeywell.com
HP,0.014160706,100.5,"Helmerich & Payne, Inc.",www.hpinc.com
HRB,0.017792619,30.39,Hewlett Packard Enterprise Company,www.hpe.com
HRL,0.012998909,23.64,HP Inc.,www.hp.com
HRS,0.01340469,74.72,"H&R Block, Inc.",www.hrblock.com
HSIC,0.012048946,59.885,Hormel Foods Corporation,www.hormelfoods.com
HST,0.012156451,20.13,Harris Corporation,www.harris.com
HSY,0.011340023,105.64,"Henry Schein, Inc.",www.henryschein.com
HUM,0.022639744,110.92,"Host Hotels & Resorts, Inc.",www.hosthotels.com
IBM,0.008254618,187.68,The Hershey Company,www.thehersheycompany.com
ICE,0.014929613,42.528,Humana Inc.,www.humana.com
IDXX,0.015172939,63.365,International Business Machines Corporation,www.ibm.com
IFF,0.012840908,95.3,"Intercontinental Exchange, Inc.",www.theice.com
ILMN,0.022120381,168.35,"IDEXX Laboratories, Inc.",www.idexx.com
INCY,0.028189112,64.36,International Flavors & Fragrances Inc.,www.iff.com
INTC,0.009125043,24.64,"Illumina, Inc.",www.illumina.com
INTU,0.017548907,82.2,Incyte Corporation,www.incyte.com
IP,0.013684521,48.15,IHS Markit Ltd.,www.ihsmarkit.com
IPG,0.017218447,17.75,Intel Corporation,www.intel.com
IQV,0.018797101,54.11,Intuit Inc.,www.intuit.com
IR,0.016010131,61.94,International Paper Company,www.internationalpaper.com
IRM,0.013289861,27.81,"The Interpublic Group of Companies, Inc.",www.interpublic.com
ISRG,0.017377591,147.9932,IPG Photonics Corporation,www.ipgphotonics.com
IT,0.021598172,73,IQVIA Holdings Inc.,www.iqvia.com
ITW,0.011251938,82.78,Ingersoll-Rand PLC,www.irco.com
IVZ,0.019214391,34.52,Iron Mountain Incorporated,www.ironmountain.com
JBHT,0.012072487,74.39,"Intuitive Surgical, Inc.",www.intuitivesurgical.com
JCI,0.010925658,45.8848,"Gartner, Inc.",www.gartner.com
JEC,0.013270469,63.09,Illinois Tool Works Inc.,www.itw.com
JNJ,0.01067,93.32,Invesco Ltd.,www.invesco.com
JNPR,0.018158431,26.26,"J.B. Hunt Transport Services, Inc.",www.jbhunt.com
JPM,0.011727131,59.4,Johnson Controls International plc,www.johnsoncontrols.com
JWN,0.01370975,62.41,Jacobs Engineering Group Inc.,www.jacobs.com
K,0.009429879,61.6,Jefferies Financial Group Inc.,www.jefferies.com
KEY,0.016993601,13.9,Johnson & Johnson,www.jnj.com
KIM,0.009026391,22.05,"Juniper Networks, Inc.",www.juniper.net
KLAC,0.010678865,66.85,JPMorgan Chase & Co.,www.jpmorganchase.com
KMB,0.011918966,108.95,"Nordstrom, Inc.",www.nordstrom.com
KMI,0.014528923,32,Kellogg Company,www.kelloggcompany.com
KMX,0.008995038,48.6,KeyCorp,www.key.com
KO,0.010904226,38.55,The Kraft Heinz Company,www.kraftheinzcompany.com
KORS,0.034685073,98.28,Kimco Realty Corporation,www.kimcorealty.com
KR,0.015374896,21.89,KLA Corporation,www.kla-tencor.com
KSS,0.014417535,55.45,Kimberly-Clark Corporation,www.kimberly-clark.com
KSU,0.033893739,98.37,"Kinder Morgan, Inc.",www.kindermorgan.com
L,0.014295562,45.05,"CarMax, Inc.",www.carmax.com
LB,0.016697109,57.37,The Coca-Cola Company,www.coca-colacompany.com
LEG,0.011712217,32.09,The Kroger Co.,www.thekrogerco.com
LEN,0.019829786,41.2353,Kohl's Corporation,www.kohlscorporation.com
LH,0.009863696,95.32,Kansas City Southern,www.kcsouthern.com
LKQ,0.022657026,27.83,Loews Corporation,www.loews.com
LLL,0.01566591,117.25,"L Brands, Inc.",www.lb.com
LLY,0.014611739,58.59,"Leidos Holdings, Inc.",www.leidos.com
LMT,0.011455549,166.57,"Leggett & Platt, Incorporated",www.leggett.com
LNC,0.018143574,52.92,Lennar Corporation,www.lennar.com
LNT,0.009902877,26.865,Laboratory Corporation of America Holdings,www.labcorp.com
LOW,0.015179402,50.42,"L3Harris Technologies, Inc.",www.l3harris.com
LRCX,0.016761214,53.35,Linde plc,www.linde.com
LUK,0.013824059,27.85,LKQ Corporation,www.lkqcorp.com
LUV,0.016821009,23.1,"L3 Technologies, Inc.",www.l3t.com
LYB,0.010683791,90.9,Eli Lilly and Company,www.lilly.com
M,0.017302866,58.05,Lockheed Martin Corporation,www.lockheedmartin.com
MA,0.019641542,77.94,Lincoln National Corporation,www.lfg.com
MAA,0.010001191,67.26,Alliant Energy Corporation,www.alliantenergy.com
MAC,0.011481361,60.25,"Lowe's Companies, Inc.",www.lowes.com
MAR,0.013153082,54.79,Lam Research Corporation,www.lamresearch.com
MAS,0.016861259,23.38,Southwest Airlines Co.,www.southwest.com
MAT,0.026151597,37.78,Las Vegas Sands Corp.,www.sands.com
MCD,0.006895115,95.5,"Lamb Weston Holdings, Inc.",www.lambweston.com
MCHP,0.011961443,46.58,LyondellBasell Industries N.V.,www.lyondellbasell.com
MCK,0.011660732,182.4,"Macy's, Inc.",www.macysinc.com
MCO,0.016471267,82.78,Mastercard Incorporated,www.mastercard.com
MDLZ,0.010842335,35.08,"Mid-America Apartment Communities, Inc.",www.maac.com
MDT,0.012250608,59.91,Macerich,www.macerich.com
MET,0.01605894,53.15,"Marriott International, Inc.",www.marriott.com
MGM,0.020560916,28.29,Masco Corporation,www.masco.com
MHK,0.016396806,144.68,McDonald's Corporation,www.mcdonalds.com
MKC,0.014001814,66.99,Microchip Technology Incorporated,www.microchip.com
MLM,0.020205061,123.92,McKesson Corporation,www.mckesson.com
MMC,0.012850648,49.56,Moody's Corporation,www.moodys.com
MMM,0.012643204,134.11,"Mondelez International, Inc.",www.mondelezinternational.com
MNST,0.018560961,24.4633,Medtronic plc,www.medtronic.com
MO,0.01205077,36.81,"MetLife, Inc.",www.metlife.com
MON,0.011703956,114.08,MGM Resorts International,www.mgmresorts.com
MOS,0.01235313,49.73,"Mohawk Industries, Inc.",www.mohawkind.com
MPC,0.01978321,45,"McCormick & Company, Incorporated",www.mccormickcorporation.com
MRK,0.010712342,57.47,"Martin Marietta Materials, Inc.",www.martinmarietta.com
MRO,0.011568778,34.24,"Marsh & McLennan Companies, Inc.",www.mmc.com
MS,0.015451222,32.21,3M Company,www.3m.com
MSFT,0.012659661,37.9,Monster Beverage Corporation,www.monsterbevcorp.com
MSI,0.008624008,66.64,"Altria Group, Inc.",www.altria.com
MTB,0.008949922,119.38,The Mosaic Company,www.mosaicco.com
MTD,0.021281863,245.59,Marathon Petroleum Corporation,www.marathonpetroleum.com
MU,0.015354785,24.42,"Merck & Co., Inc.",www.merck.com
MYL,0.026860169,54.86,Marathon Oil Corporation,www.marathonoil.com
NBL,0.01701858,69.23,Morgan Stanley,www.morganstanley.com
NCLH,0.017684346,33.37,Microsoft Corporation,www.microsoft.com
NDAQ,0.014955862,40.79,"Motorola Solutions, Inc.",www.motorolasolutions.com
NEE,0.010460234,91.8,M&T Bank Corporation,www.mtb.com
NEM,0.029045285,24.6,Mettler-Toledo International Inc.,www.mt.com
NFLX,0.019530631,64.0528,"Micron Technology, Inc.",www.micron.com
NFX,0.022891082,28.75,Mylan N.V.,www.mylan.com
NI,0.008500136,34.72,"Noble Energy, Inc.",www.nobleenergyinc.com
NKE,0.012674182,39.73,Norwegian Cruise Line Holdings Ltd.,www.nclhltd.com
NLSN,0.015957639,46.28,"Nasdaq, Inc.",www.nasdaq.com
NOC,0.014231553,124.3,"NextEra Energy, Inc.",www.nexteraenergy.com
NOV,0.012571187,79.06,Newmont Corporation,www.newmont.com
NRG,0.010558037,28.7,"Netflix, Inc.",www.netflix.com
NSC,0.016278377,94.29,Newfield Exploration Company,www.newfield.com
NTAP,0.014868194,37.9,NiSource Inc.,www.nisource.com
NTRS,0.012271811,64.02,"NIKE, Inc.",www.nike.com
NUE,0.014446303,50.15,"NIKE, Inc.",www.nike.com
NVDA,0.015775319,18.36,Nielsen Holdings plc,www.nielsen.com
NWL,0.011321972,31.32,Northrop Grumman Corporation,www.northropgrumman.com
NWS,0.020229209,17.54,NOV Inc.,www.nov.com
NWSA,0.020470509,17.91,"ServiceNow, Inc.",www.servicenow.com
O,0.011338722,41.59,"NRG Energy, Inc.",www.nrg.com
OKE,0.032102393,58.96,Norfolk Southern Corporation,www.nscorp.com
OMC,0.013388052,75.5,"NetApp, Inc.",www.netapp.com
ORCL,0.013039912,38.83,Northern Trust Corporation,www.northerntrust.com
ORLY,0.019028019,150.47,Nucor Corporation,www.nucor.com
OXY,0.011081935,97.13,NVIDIA Corporation,www.nvidia.com
PAYX,0.011848021,42.64,"NVR, Inc.",www.nvrinc.com
PBCT,0.009847161,14.57,Newell Brands Inc.,www.newellbrands.com
PCAR,0.01705201,65.93,News Corporation,www.newscorp.com
PCG,0.010170379,42.75,News Corporation,www.newscorp.com
PCLN,0.019169507,1358.04,Realty Income Corporation,www.realtyincome.com
PDCO,0.009827686,42,"ONEOK, Inc.",www.oneok.com
PEG,0.011026004,35.44,Omnicom Group Inc.,www.omnicomgroup.com
PEP,0.011362769,81.56,Oracle Corporation,www.oracle.com
PFE,0.013945664,32.43,"O'Reilly Automotive, Inc.",www.oreillyauto.com
PFG,0.016519894,47.28,Occidental Petroleum Corporation,www.oxy.com
PG,0.009854657,78.38,"Paychex, Inc.",www.paychex.com
PGR,0.015676638,24.45,"People's United Financial, Inc.",www.peoples.com
PH,0.015271109,124.38,PACCAR Inc,www.paccar.com
PHM,0.019047528,20.31,PG&E Corporation,www.pge.com
PKG,0.022613648,74.21,"Patterson Companies, Inc.",www.pattersoncompanies.com
PKI,0.014783579,45.84,"Healthpeak Properties, Inc.",www.healthpeak.com
PLD,0.01311373,40.87,Public Service Enterprise Group (PSEG),www.pseg.com
PM,0.013679533,80.34,"PepsiCo, Inc.",www.pepsico.com
PNC,0.011554455,83.98,Pfizer Inc.,www.pfizer.com
PNR,0.01654663,82.81,Principal Financial Group,www.principal.com
PNW,0.009550027,54.04,Procter & Gamble Company,www.pg.com
PPG,0.011752229,100.035,The Progressive Corporation,www.progressive.com
PPL,0.008270871,31.84,Parker-Hannifin Corporation,www.parker.com
PRGO,0.019123607,164.48,"PulteGroup, Inc.",www.pultegroupinc.com
PRU,0.01647193,88.58,Packaging Corporation of America,www.packagingcorp.com
PSA,0.008307909,167.55,"PerkinElmer, Inc.",www.perkinelmer.com
PSX,0.016336667,78.14,"Prologis, Inc.",www.prologis.com
PVH,0.013748825,125.85,Philip Morris International Inc.,www.pmi.com
PWR,0.018433553,36.43,"The PNC Financial Services Group, Inc.",www.pnc.com
PX,0.011820942,130.83,Pentair plc,www.pentair.com
PXD,0.023681761,198.32,Pinnacle West Capital Corporation,www.pinnaclewest.com
QCOM,0.013140737,77,Pool Corporation,www.poolcorp.com
RCL,0.019454439,51.42,"PPG Industries, Inc.",www.ppg.com
RE,0.015644777,148.98,PPL Corporation,www.pplweb.com
REG,0.010848597,50.57,Perrigo Company plc,www.perrigo.com
REGN,0.026352889,338.45,"Prudential Financial, Inc.",www.prudential.com
RF,0.016484693,10.83,Public Storage,www.publicstorage.com
RHI,0.017437305,42.17,Phillips 66,www.phillips66.com
RHT,0.016756067,60.86,PVH Corp.,www.pvh.com
RJF,0.016037366,53.47,"Quanta Services, Inc.",www.quantaservices.com
RL,0.012526918,162.16,Pioneer Natural Resources,www.pxd.com
RMD,0.019183847,44.01,"PayPal Holdings, Inc.",www.paypal.com
ROK,0.012350902,123.46,Qualcomm Incorporated,www.qualcomm.com
ROP,0.011770447,138.66,"Qorvo, Inc.",www.qorvo.com
ROST,0.013590859,35.875,"Ryder System, Inc.",www.ryder.com
RRC,0.015736628,84.23,Royal Caribbean Group,www.rclcorporate.com
RSG,0.012245559,34.16,"Everest Re Group, Ltd.",www.everestre.com
RTN,0.015651367,100.49,Regency Centers Corporation,www.regencycenters.com
SBAC,0.01264238,95.53,"Regeneron Pharmaceuticals, Inc.",www.regeneron.com
SBUX,0.015982569,36.345,Regions Financial Corporation,www.regions.com
SCG,0.009011063,48.6,Robert Half International Inc.,www.roberthalf.com
SCHW,0.02038564,26.94,"Raymond James Financial, Inc.",www.raymondjames.com
SEE,0.019665556,34.59,Ralph Lauren Corporation,www.ralphlauren.com
SHW,0.013597618,203,ResMed Inc.,www.resmed.com
SIG,0.037071829,98.5,"Rockwell Automation, Inc.",www.rockwellautomation.com
SJM,0.01430109,97.63,"Rollins, Inc.",www.rollins.com
SLB,0.012450435,92.75,"Roper Technologies, Inc.",www.ropertech.com
SLG,0.012470176,99.64,"Ross Stores, Inc.",www.rossstores.com
SNA,0.019237217,113.42,"Republic Services, Inc.",www.republicservices.com
SNI,0.010893089,81.81,Raytheon Technologies Corporation,www.rtx.com
SNPS,0.01326528,40.48,SBA Communications Corporation,www.sbasite.com
SO,0.005874131,42.04,Starbucks Corporation,www.starbucks.com
SPG,0.009513031,163.57,The Charles Schwab Corporation,www.schwab.com
SPGI,0.014800574,81.53,Sealed Air Corporation,www.sealedair.com
SRCL,0.008383017,116.78,The Sherwin-Williams Company,www.sherwin-williams.com
SRE,0.00910836,93.61,SVB Financial Group,www.svb.com
STI,0.014062951,38.91,The J.M. Smucker Company,www.jmsmucker.com
STT,0.018089904,67.73,Schlumberger Limited,www.slb.com
STX,0.026993094,50.1,SL Green Realty Corp.,www.slgreen.com
STZ,0.012251897,83.85,Snap-on Incorporated,www.snapon.com
SWK,0.011489165,81.88,"Synopsys, Inc.",www.synopsys.com
SWKS,0.020524946,37,The Southern Company,www.southerncompany.com
SYK,0.011894577,80.95,"Simon Property Group, Inc.",www.simon.com
SYMC,0.021371879,20.8,S&P Global Inc.,www.spglobal.com
SYY,0.007930475,36.29,Sempra Energy,www.sempra.com
T,0.011873729,32.34,Steris plc,www.steris.com
TAP,0.011890575,57.99,State Street Corporation,www.statestreet.com
TDG,0.012639842,182.56,Seagate Technology Holdings plc,www.seagate.com
TEL,0.012582898,58.8,"Constellation Brands, Inc.",www.cbrands.com
TGT,0.017113862,60.74,"Stanley Black & Decker, Inc.",www.stanleyblackanddecker.com
TIF,0.014040155,93.28,"Skyworks Solutions, Inc.",www.skyworksinc.com
TJX,0.011408394,61.13,Synchrony Financial,www.synchronyfinancial.com
TMK,0.011955846,52.9334,Stryker Corporation,www.stryker.com
TMO,0.020756839,126.4,Sysco Corporation,www.sysco.com
TPR,0.012023426,48.34,AT&T Inc.,www.att.com
TRIP,0.028618416,108.38,Molson Coors Beverage Company,www.molsoncoors.com
TROW,0.018212707,82.37,TransDigm Group Incorporated,www.transdigm.com
TRV,0.009001847,84.4,TE Connectivity Ltd.,www.te.com
TSCO,0.016788993,72.29,Truist Financial Corporation,www.truist.com
TSN,0.019912124,40.17,Target Corporation,www.target.com
TSS,0.013024128,30.85,Tiffany & Co.,www.tiffany.com
TWX,0.012103121,68.93,"The TJX Companies, Inc.",www.tjx.com
TXN,0.010569201,45.68,Thermo Fisher Scientific Inc.,www.thermofisher.com
TXT,0.018359845,40.11,"T-Mobile US, Inc.",www.t-mobile.com
UAA,0.044901266,28.95,"Tapestry, Inc.",www.tapestry.com
UAL,0.024283408,47.98,Trimble Inc.,www.trimble.com
UDR,0.010873134,26.32,T. Rowe Price,www.troweprice.com
UHS,0.015014863,79.94,"The Travelers Companies, Inc.",www.travelers.com
ULTA,0.016507877,87.3,Tractor Supply Company,www.tractorsupply.com
UNH,0.013137937,77.64,"Tesla, Inc.",www.tesla.com
UNM,0.016602249,35.66,"Tyson Foods, Inc.",www.tysonfoods.com
UNP,0.012324824,92.93,Trane Technologies plc,www.tranetechnologies.com
UPS,0.008353538,97.86,"Take-Two Interactive Software, Inc.",www.take2games.com
URI,0.025832817,88.5,"Twitter, Inc.",www.twitter.com
USB,0.011071504,41.65,Texas Instruments Incorporated,www.ti.com
UTX,0.011170535,117.76,Textron Inc.,www.textron.com
V,0.01376118,55.965,"Under Armour, Inc.",www.uabiz.com
VAR,0.01208682,84.41,"Under Armour, Inc.",www.uabiz.com
VFC,0.018127014,60.01,"United Airlines Holdings, Inc.",www.united.com
VIAB,0.01497587,87.97,"UDR, Inc.",www.udr.com
VLO,0.024721449,52.88,"Universal Health Services, Inc.",www.uhsinc.com
VMC,0.028744388,67.99,"Ulta Beauty, Inc.",www.ulta.com
VNO,0.010075536,99.23,UnitedHealth Group Incorporated,www.unitedhealthgroup.com
VRSK,0.011595832,62.58,Unum Group,www.unum.com
VRSN,0.015866006,56.17,Union Pacific Corporation,www.up.com
VRTX,0.022793036,79.94,"United Parcel Service, Inc.",www.ups.com
VTR,0.009810379,61.97,"United Rentals, Inc.",www.unitedrentals.com
VZ,0.013187381,47.46,U.S. Bancorp,www.usbank.com
WAT,0.017584702,112.78,Visa Inc.,www.visa.com
WBA,0.019573524,66.71,V.F. Corporation,www.vfc.com
WDC,0.014046555,86.72,ViacomCBS Inc.,www.viacbs.com
WEC,0.008085715,43.66,Valero Energy Corporation,www.valero.com
WFC,0.009418238,47.34,Vulcan Materials Company,www.vulcanmaterials.com
WHR,0.022620013,147.49,Vornado Realty Trust,www.vno.com
WM,0.012767155,41.2,"Verisk Analytics, Inc.",www.verisk.com
WMB,0.014521131,42.65,"VeriSign, Inc.",www.verisign.com
WMT,0.009343812,74.88,Vertex Pharmaceuticals Incorporated,www.vrtx.com
WU,0.01442233,16.79,"Ventas, Inc.",www.ventasreit.com
WY,0.010418668,30.16,Verizon Communications Inc.,www.verizon.com
WYN,0.016019249,75.74,Westinghouse Air Brake Technologies,www.wabtec.com
WYNN,0.025267059,247.83,Waters Corporation,www.waters.com
XEC,0.021581617,112.09,Weibo Corporation,www.weibo.com
XEL,0.007780847,29.87,"Walgreens Boots Alliance, Inc.",www.walgreensbootsalliance.com
XL,0.014368321,30.69,Western Digital Corporation,www.westerndigital.com
XLNX,0.012838731,53.47,"WEC Energy Group, Inc.",www.wecenergygroup.com
XOM,0.012415579,93.76,Welltower Inc.,www.welltower.com
XRAY,0.011828952,45.89,Wells Fargo,www.wellsfargo.com
XRX,0.020940591,44.36,Whirlpool Corporation,www.whirlpoolcorp.com
XYL,0.026071275,38.3,Willis Towers Watson,www.willistowerswatson.com
YUM,0.020216296,77.29,"Waste Management, Inc.",www.wm.com
ZBH,0.012032103,98.25,"The Williams Companies, Inc.",www.williams.com
ZION,0.014982024,31.45,Walmart Inc.,www.walmart.com
ZTS,0.016479834,30.78,W. R. Berkley Corporation,www.wrberkley.com
,,,WestRock Company,www.westrock.com
,,,"West Pharmaceutical Services, Inc.",www.westpharma.com
,,,The Western Union Company,www.westernunion.com
,,,Weyerhaeuser Company,www.weyerhaeuser.com
,,,"Wynn Resorts, Limited",www.wynnresorts.com
,,,Cimarex Energy Co,www.cimarex.com
,,,Xcel Energy Inc.,www.xcelenergy.com
,,,"Xilinx, Inc.",www.xilinx.com
,,,Exxon Mobil Corporation,www.exxonmobil.com
,,,DENTSPLY SIRONA Inc.,www.dentsplysirona.com
,,,Xerox Holdings Corporation,www.xerox.com
,,,Xylem Inc.,www.xylem.com
,,,"Yum! Brands, Inc.",www.yum.com
,,,"Zimmer Biomet Holdings, Inc.",www.zimmerbiomet.com
,,,Zebra Technologies Corporation,www.zebra.com
,,,"Zions Bancorporation, N.A.",www.zionsbancorporation.com
,,,Zoetis Inc.,www.zoetis.com
